Model,RMSE_INR,R2
Black-Scholes,29.574157285130774,0.9946999513489255
XGBoost Set A,14.160781125623952,0.9987834799664015
XGBoost Set B,15.145706625047769,0.9986080153879353
