Metric,Pct_Return,INR_1cr
VaR_95,-0.0014920565808526187,14920.565808526188
VaR_99,-0.0034156059699536148,34156.05969953615
CVaR_95,-0.0029073251057464278,29073.251057464277
CVaR_99,-0.006050973491513845,60509.73491513845
